,Unnamed: 0,Datetime,Home Team Initials,Away Team Initials,Winner,Home Rank,Away Rank,Host Country,Is Home Host?,Is Away Host?,Rank Change Away,Rank Change Home,Home UEFA,Home CONMEBOL,Home CAF,Home AFC,Home CONCACAF,Home OFC,Away UEFA,Away CONMEBOL,Away CAF,Away AFC,Away CONCACAF,Away OFC
0,0,1994-06-17,ESP,KOR,tie,5,37,USA,0,0,3,-2,1,0,0,0,0,0,0,0,0,1,0,0
1,1,1994-06-17,GER,BOL,Home,1,43,USA,0,0,4,0,1,0,0,0,0,0,0,1,0,0,0,0
2,2,1994-06-18,USA,SUI,tie,23,12,USA,1,0,-4,0,0,0,0,0,1,0,1,0,0,0,0,0
3,3,1994-06-18,ITA,IRL,Away,4,14,USA,0,0,5,-3,1,0,0,0,0,0,1,0,0,0,0,0
4,4,1994-06-18,COL,ROU,Away,17,7,USA,0,0,1,2,0,1,0,0,0,0,1,0,0,0,0,0
5,5,1994-06-19,BEL,MAR,Home,27,28,USA,0,0,-4,-1,1,0,0,0,0,0,0,0,1,0,0,0
6,6,1994-06-19,NOR,MEX,Home,6,16,USA,0,0,0,-1,1,0,0,0,0,0,0,0,0,0,1,0
7,7,1994-06-19,CMR,SWE,tie,24,10,USA,0,0,6,3,0,0,1,0,0,0,1,0,0,0,0,0
8,8,1994-06-20,NED,KSA,Home,2,34,USA,0,0,-1,-3,1,0,0,0,0,0,0,0,0,1,0,0
9,9,1994-06-20,BRA,RUS,Home,3,19,USA,0,0,-8,0,0,1,0,0,0,0,1,0,0,0,0,0
10,10,1994-06-21,ARG,GRE,Home,8,31,USA,0,0,5,4,0,1,0,0,0,0,1,0,0,0,0,0
11,11,1994-06-21,NGA,BUL,Home,11,29,USA,0,0,-4,-2,0,0,1,0,0,0,1,0,0,0,0,0
12,12,1994-06-21,GER,ESP,tie,1,5,USA,0,0,-2,0,1,0,0,0,0,0,1,0,0,0,0,0
13,13,1994-06-22,ROU,SUI,Away,7,12,USA,0,0,-4,1,1,0,0,0,0,0,1,0,0,0,0,0
14,14,1994-06-22,USA,COL,Home,23,17,USA,1,0,2,0,0,0,0,0,1,0,0,1,0,0,0,0
15,15,1994-06-23,ITA,NOR,Home,4,6,USA,0,0,-1,-3,1,0,0,0,0,0,1,0,0,0,0,0
16,16,1994-06-23,KOR,BOL,tie,37,43,USA,0,0,4,3,0,0,0,1,0,0,0,1,0,0,0,0
17,17,1994-06-24,MEX,IRL,Home,16,14,USA,0,0,5,0,0,0,0,0,1,0,1,0,0,0,0,0
18,18,1994-06-24,SWE,RUS,Home,10,19,USA,0,0,-8,6,1,0,0,0,0,0,1,0,0,0,0,0
19,19,1994-06-24,BRA,CMR,Home,3,24,USA,0,0,3,0,0,1,0,0,0,0,0,0,1,0,0,0
20,20,1994-06-25,BEL,NED,Home,27,2,USA,0,0,-3,-1,1,0,0,0,0,0,1,0,0,0,0,0
21,21,1994-06-25,KSA,MAR,Home,34,28,USA,0,0,-4,-1,0,0,0,1,0,0,0,0,1,0,0,0
22,22,1994-06-25,ARG,NGA,Home,8,11,USA,0,0,-2,4,0,1,0,0,0,0,0,0,1,0,0,0
23,23,1994-06-26,BUL,GRE,Home,29,31,USA,0,0,5,-4,1,0,0,0,0,0,1,0,0,0,0,0
24,24,1994-06-26,USA,ROU,Away,23,7,USA,1,0,1,0,0,0,0,0,1,0,1,0,0,0,0,0
25,25,1994-06-26,SUI,COL,Away,12,17,USA,0,0,2,-4,1,0,0,0,0,0,0,1,0,0,0,0
26,26,1994-06-27,GER,KOR,Home,1,37,USA,0,0,3,0,1,0,0,0,0,0,0,0,0,1,0,0
27,27,1994-06-27,BOL,ESP,Away,43,5,USA,0,0,-2,4,0,1,0,0,0,0,1,0,0,0,0,0
28,28,1994-06-28,IRL,NOR,tie,14,6,USA,0,0,-1,5,1,0,0,0,0,0,1,0,0,0,0,0
29,29,1994-06-28,BRA,SWE,tie,3,10,USA,0,0,6,0,0,1,0,0,0,0,1,0,0,0,0,0
30,30,1994-06-28,ITA,MEX,tie,4,16,USA,0,0,0,-3,1,0,0,0,0,0,0,0,0,0,1,0
31,31,1994-06-28,RUS,CMR,Home,19,24,USA,0,0,3,-8,1,0,0,0,0,0,0,0,1,0,0,0
32,32,1994-06-29,MAR,NED,Away,28,2,USA,0,0,-3,-4,0,0,1,0,0,0,1,0,0,0,0,0
33,33,1994-06-29,BEL,KSA,Away,27,34,USA,0,0,-1,-1,1,0,0,0,0,0,0,0,0,1,0,0
34,34,1994-06-30,GRE,NGA,Away,31,11,USA,0,0,-2,5,1,0,0,0,0,0,0,0,1,0,0,0
35,35,1994-06-30,ARG,BUL,Away,8,29,USA,0,0,-4,4,0,1,0,0,0,0,1,0,0,0,0,0
36,36,1994-07-02,GER,BEL,Home,1,27,USA,0,0,-1,0,1,0,0,0,0,0,1,0,0,0,0,0
37,37,1994-07-02,ESP,SUI,Home,5,12,USA,0,0,-4,-2,1,0,0,0,0,0,1,0,0,0,0,0
38,38,1994-07-03,KSA,SWE,Away,34,10,USA,0,0,6,-1,0,0,0,1,0,0,1,0,0,0,0,0
39,39,1994-07-03,ROU,ARG,Home,7,8,USA,0,0,4,1,1,0,0,0,0,0,0,1,0,0,0,0
40,40,1994-07-04,NED,IRL,Home,2,14,USA,0,0,5,-3,1,0,0,0,0,0,1,0,0,0,0,0
41,41,1994-07-04,BRA,USA,Home,3,23,USA,0,1,0,0,0,1,0,0,0,0,0,0,0,0,1,0
42,42,1994-07-05,NGA,ITA,Away,11,4,USA,0,0,-3,-2,0,0,1,0,0,0,1,0,0,0,0,0
43,43,1994-07-05,MEX,BUL,tie,16,29,USA,0,0,-4,0,0,0,0,0,1,0,1,0,0,0,0,0
44,44,1994-07-09,ITA,ESP,Home,4,5,USA,0,0,-2,-3,1,0,0,0,0,0,1,0,0,0,0,0
45,45,1994-07-09,NED,BRA,Away,2,3,USA,0,0,0,-3,1,0,0,0,0,0,0,1,0,0,0,0
46,46,1994-07-10,BUL,GER,Home,29,1,USA,0,0,0,-4,1,0,0,0,0,0,1,0,0,0,0,0
47,47,1994-07-10,ROU,SWE,tie,7,10,USA,0,0,6,1,1,0,0,0,0,0,1,0,0,0,0,0
48,48,1994-07-13,BUL,ITA,Away,29,4,USA,0,0,-3,-4,1,0,0,0,0,0,1,0,0,0,0,0
49,49,1994-07-13,SWE,BRA,Away,10,3,USA,0,0,0,6,1,0,0,0,0,0,0,1,0,0,0,0
50,50,1994-07-16,SWE,BUL,Home,10,29,USA,0,0,-4,6,1,0,0,0,0,0,1,0,0,0,0,0
51,51,1994-07-17,BRA,ITA,tie,3,4,USA,0,0,-3,0,0,1,0,0,0,0,1,0,0,0,0,0
52,52,1998-06-10,BRA,SCO,Home,1,41,FRA,0,0,3,0,0,1,0,0,0,0,1,0,0,0,0,0
53,53,1998-06-10,MAR,NOR,tie,13,7,FRA,0,0,5,-3,0,0,1,0,0,0,1,0,0,0,0,0
54,54,1998-06-11,ITA,CHI,tie,14,9,FRA,0,0,-3,2,1,0,0,0,0,0,0,1,0,0,0,0
55,55,1998-06-11,CMR,AUT,tie,49,31,FRA,0,0,-3,-1,0,0,1,0,0,0,1,0,0,0,0,0
56,56,1998-06-12,PAR,BUL,tie,29,35,FRA,0,0,7,0,0,1,0,0,0,0,1,0,0,0,0,0
57,57,1998-06-12,KSA,DEN,Away,34,27,FRA,0,0,-7,4,0,0,0,1,0,0,1,0,0,0,0,0
58,58,1998-06-12,FRA,RSA,Home,18,24,FRA,1,0,-3,7,1,0,0,0,0,0,0,0,1,0,0,0
59,59,1998-06-13,ESP,NGA,Away,15,74,FRA,0,0,-5,-6,1,0,0,0,0,0,0,0,1,0,0,0
60,60,1998-06-13,KOR,MEX,Away,20,4,FRA,0,0,0,4,0,0,0,1,0,0,0,0,0,0,1,0
61,61,1998-06-13,NED,BEL,tie,25,36,FRA,0,0,-4,-11,1,0,0,0,0,0,1,0,0,0,0,0
62,62,1998-06-14,ARG,JPN,Home,6,12,FRA,0,0,-1,1,0,1,0,0,0,0,0,0,0,1,0,0
63,63,1998-06-14,YUG,IRN,Home,8,42,FRA,0,0,4,0,1,0,0,0,0,0,0,0,0,1,0,0
64,64,1998-06-14,JAM,CRO,Away,30,19,FRA,0,0,4,1,0,0,0,0,1,0,1,0,0,0,0,0
65,65,1998-06-15,ENG,TUN,Home,5,21,FRA,0,0,5,0,1,0,0,0,0,0,0,0,1,0,0,0
66,66,1998-06-15,ROU,COL,Home,22,10,FRA,0,0,3,0,1,0,0,0,0,0,0,1,0,0,0,0
67,67,1998-06-15,GER,USA,Home,2,11,FRA,0,0,4,0,1,0,0,0,0,0,0,0,0,0,1,0
68,68,1998-06-16,SCO,NOR,tie,41,7,FRA,0,0,5,3,1,0,0,0,0,0,1,0,0,0,0,0
69,69,1998-06-16,BRA,MAR,Home,1,13,FRA,0,0,-3,0,0,1,0,0,0,0,0,0,1,0,0,0
70,70,1998-06-17,CHI,AUT,tie,9,31,FRA,0,0,-3,-3,0,1,0,0,0,0,1,0,0,0,0,0
71,71,1998-06-17,ITA,CMR,Home,14,49,FRA,0,0,-1,2,1,0,0,0,0,0,0,0,1,0,0,0
72,72,1998-06-18,RSA,DEN,tie,24,27,FRA,0,0,-7,-3,0,0,1,0,0,0,1,0,0,0,0,0
73,73,1998-06-18,FRA,KSA,Home,18,34,FRA,1,0,4,7,1,0,0,0,0,0,0,0,0,1,0,0
74,74,1998-06-19,NGA,BUL,Home,74,35,FRA,0,0,7,-5,0,0,1,0,0,0,1,0,0,0,0,0
75,75,1998-06-19,ESP,PAR,tie,15,29,FRA,0,0,0,-6,1,0,0,0,0,0,0,1,0,0,0,0
76,76,1998-06-20,JPN,CRO,Away,12,19,FRA,0,0,4,-1,0,0,0,1,0,0,1,0,0,0,0,0
77,77,1998-06-20,BEL,MEX,tie,36,4,FRA,0,0,0,-4,1,0,0,0,0,0,0,0,0,0,1,0
78,78,1998-06-20,NED,KOR,Home,25,20,FRA,0,0,4,-11,1,0,0,0,0,0,0,0,0,1,0,0
79,79,1998-06-21,GER,YUG,tie,2,8,FRA,0,0,0,0,1,0,0,0,0,0,1,0,0,0,0,0
80,80,1998-06-21,ARG,JAM,Home,6,30,FRA,0,0,1,1,0,1,0,0,0,0,0,0,0,0,1,0
81,81,1998-06-21,USA,IRN,Away,11,42,FRA,0,0,4,4,0,0,0,0,1,0,0,0,0,1,0,0
82,82,1998-06-22,COL,TUN,Home,10,21,FRA,0,0,5,3,0,1,0,0,0,0,0,0,1,0,0,0
83,83,1998-06-22,ROU,ENG,Home,22,5,FRA,0,0,0,0,1,0,0,0,0,0,1,0,0,0,0,0
84,84,1998-06-23,ITA,AUT,Home,14,31,FRA,0,0,-3,2,1,0,0,0,0,0,1,0,0,0,0,0
85,85,1998-06-23,CHI,CMR,tie,9,49,FRA,0,0,-1,-3,0,1,0,0,0,0,0,0,1,0,0,0
86,86,1998-06-23,SCO,MAR,Away,41,13,FRA,0,0,-3,3,1,0,0,0,0,0,0,0,1,0,0,0
87,87,1998-06-23,BRA,NOR,Away,1,7,FRA,0,0,5,0,0,1,0,0,0,0,1,0,0,0,0,0
88,88,1998-06-24,FRA,DEN,Home,18,27,FRA,1,0,-7,7,1,0,0,0,0,0,1,0,0,0,0,0
89,89,1998-06-24,RSA,KSA,tie,24,34,FRA,0,0,4,-3,0,0,1,0,0,0,0,0,0,1,0,0
90,90,1998-06-24,ESP,BUL,Home,15,35,FRA,0,0,7,-6,1,0,0,0,0,0,1,0,0,0,0,0
91,91,1998-06-24,NGA,PAR,Away,74,29,FRA,0,0,0,-5,0,0,1,0,0,0,0,1,0,0,0,0
92,92,1998-06-25,BEL,KOR,tie,36,20,FRA,0,0,4,-4,1,0,0,0,0,0,0,0,0,1,0,0
93,93,1998-06-25,NED,MEX,tie,25,4,FRA,0,0,0,-11,1,0,0,0,0,0,0,0,0,0,1,0
94,94,1998-06-25,GER,IRN,Home,2,42,FRA,0,0,4,0,1,0,0,0,0,0,0,0,0,1,0,0
95,95,1998-06-25,USA,YUG,Away,11,8,FRA,0,0,0,4,0,0,0,0,1,0,1,0,0,0,0,0
96,96,1998-06-26,JPN,JAM,Away,12,30,FRA,0,0,1,-1,0,0,0,1,0,0,0,0,0,0,1,0
97,97,1998-06-26,ARG,CRO,Home,6,19,FRA,0,0,4,1,0,1,0,0,0,0,1,0,0,0,0,0
98,98,1998-06-26,ROU,TUN,tie,22,21,FRA,0,0,5,0,1,0,0,0,0,0,0,0,1,0,0,0
99,99,1998-06-26,COL,ENG,Away,10,5,FRA,0,0,0,3,0,1,0,0,0,0,1,0,0,0,0,0
100,100,1998-06-27,ITA,NOR,Home,14,7,FRA,0,0,5,2,1,0,0,0,0,0,1,0,0,0,0,0
101,101,1998-06-27,BRA,CHI,Home,1,9,FRA,0,0,-3,0,0,1,0,0,0,0,0,1,0,0,0,0
102,102,1998-06-28,FRA,PAR,Home,18,29,FRA,1,0,0,7,1,0,0,0,0,0,0,1,0,0,0,0
103,103,1998-06-28,NGA,DEN,Away,74,27,FRA,0,0,-7,-5,0,0,1,0,0,0,1,0,0,0,0,0
104,104,1998-06-29,GER,MEX,Home,2,4,FRA,0,0,0,0,1,0,0,0,0,0,0,0,0,0,1,0
105,105,1998-06-29,NED,YUG,Home,25,8,FRA,0,0,0,-11,1,0,0,0,0,0,1,0,0,0,0,0
106,106,1998-06-30,ROU,CRO,Away,22,19,FRA,0,0,4,0,1,0,0,0,0,0,1,0,0,0,0,0
107,107,1998-06-30,ARG,ENG,tie,6,5,FRA,0,0,0,1,0,1,0,0,0,0,1,0,0,0,0,0
108,108,1998-07-03,ITA,FRA,tie,14,18,FRA,0,1,7,2,1,0,0,0,0,0,1,0,0,0,0,0
109,109,1998-07-03,BRA,DEN,Home,1,27,FRA,0,0,-7,0,0,1,0,0,0,0,1,0,0,0,0,0
110,110,1998-07-04,NED,ARG,Home,25,6,FRA,0,0,1,-11,1,0,0,0,0,0,0,1,0,0,0,0
111,111,1998-07-04,GER,CRO,Away,2,19,FRA,0,0,4,0,1,0,0,0,0,0,1,0,0,0,0,0
112,112,1998-07-07,BRA,NED,tie,1,25,FRA,0,0,-11,0,0,1,0,0,0,0,1,0,0,0,0,0
113,113,1998-07-08,FRA,CRO,Home,18,19,FRA,1,0,4,7,1,0,0,0,0,0,1,0,0,0,0,0
114,114,1998-07-11,NED,CRO,Away,25,19,FRA,0,0,4,-11,1,0,0,0,0,0,1,0,0,0,0,0
115,115,1998-07-12,BRA,FRA,Away,1,18,FRA,0,1,7,0,0,1,0,0,0,0,1,0,0,0,0,0
116,116,2002-05-31,FRA,SEN,Away,1,42,JPN KOR,0,0,1,0,1,0,0,0,0,0,0,0,1,0,0,0
117,117,2002-06-01,URU,DEN,Away,24,20,JPN KOR,0,0,0,-3,0,1,0,0,0,0,1,0,0,0,0,0
118,118,2002-06-01,IRL,CMR,tie,15,17,JPN KOR,0,0,1,4,1,0,0,0,0,0,0,0,1,0,0,0
119,119,2002-06-01,GER,KSA,Home,11,34,JPN KOR,0,0,0,1,1,0,0,0,0,0,0,0,0,1,0,0
120,120,2002-06-02,ARG,NGA,Home,3,27,JPN KOR,0,0,2,0,0,1,0,0,0,0,0,0,1,0,0,0
121,121,2002-06-02,PAR,RSA,tie,18,37,JPN KOR,0,0,0,-3,0,1,0,0,0,0,0,0,1,0,0,0
122,122,2002-06-02,ENG,SWE,tie,12,19,JPN KOR,0,0,-2,-1,1,0,0,0,0,0,1,0,0,0,0,0
123,123,2002-06-02,ESP,SVN,Home,8,25,JPN KOR,0,0,3,0,1,0,0,0,0,0,1,0,0,0,0,0
124,124,2002-06-03,BRA,TUR,Home,2,22,JPN KOR,0,0,3,0,0,1,0,0,0,0,1,0,0,0,0,0
125,125,2002-06-03,ITA,ECU,Home,6,36,JPN KOR,0,0,0,0,1,0,0,0,0,0,0,1,0,0,0,0
126,126,2002-06-03,CRO,MEX,Away,21,7,JPN KOR,0,0,0,2,1,0,0,0,0,0,0,0,0,0,1,0
127,127,2002-06-04,CHN,CRC,Away,50,29,JPN KOR,0,0,-2,1,0,0,0,1,0,0,0,0,0,0,1,0
128,128,2002-06-04,JPN,BEL,tie,32,23,JPN KOR,0,0,-1,1,0,0,0,1,0,0,1,0,0,0,0,0
129,129,2002-06-04,KOR,POL,Home,40,38,JPN KOR,0,0,0,1,0,0,0,1,0,0,1,0,0,0,0,0
130,130,2002-06-05,RUS,TUN,Home,28,31,JPN KOR,0,0,-1,-4,1,0,0,0,0,0,0,0,1,0,0,0
131,131,2002-06-05,USA,POR,Home,13,5,JPN KOR,0,0,0,0,0,0,0,0,1,0,1,0,0,0,0,0
132,132,2002-06-05,GER,IRL,tie,11,15,JPN KOR,0,0,4,1,1,0,0,0,0,0,1,0,0,0,0,0
133,133,2002-06-06,DEN,SEN,tie,20,42,JPN KOR,0,0,1,0,1,0,0,0,0,0,0,0,1,0,0,0
134,134,2002-06-06,CMR,KSA,Home,17,34,JPN KOR,0,0,0,1,0,0,1,0,0,0,0,0,0,1,0,0
135,135,2002-06-06,FRA,URU,tie,1,24,JPN KOR,0,0,-3,0,1,0,0,0,0,0,0,1,0,0,0,0
136,136,2002-06-07,SWE,NGA,Home,19,27,JPN KOR,0,0,2,-2,1,0,0,0,0,0,0,0,1,0,0,0
137,137,2002-06-07,ARG,ENG,Away,3,12,JPN KOR,0,0,-1,0,0,1,0,0,0,0,1,0,0,0,0,0
138,138,2002-06-07,ESP,PAR,Home,8,18,JPN KOR,0,0,-3,0,1,0,0,0,0,0,0,1,0,0,0,0
139,139,2002-06-08,RSA,SVN,Home,37,25,JPN KOR,0,0,3,0,0,0,1,0,0,0,1,0,0,0,0,0
140,140,2002-06-08,BRA,CHN,Home,2,50,JPN KOR,0,0,1,0,0,1,0,0,0,0,0,0,0,1,0,0
141,141,2002-06-08,ITA,CRO,Away,6,21,JPN KOR,0,0,2,0,1,0,0,0,0,0,1,0,0,0,0,0
142,142,2002-06-09,CRC,TUR,tie,29,22,JPN KOR,0,0,3,-2,0,0,0,0,1,0,1,0,0,0,0,0
143,143,2002-06-09,JPN,RUS,Home,32,28,JPN KOR,0,0,-4,1,0,0,0,1,0,0,1,0,0,0,0,0
144,144,2002-06-09,MEX,ECU,Home,7,36,JPN KOR,0,0,0,0,0,0,0,0,1,0,0,1,0,0,0,0
145,145,2002-06-10,KOR,USA,tie,40,13,JPN KOR,0,0,0,1,0,0,0,1,0,0,0,0,0,0,1,0
146,146,2002-06-10,POR,POL,Home,5,38,JPN KOR,0,0,0,0,1,0,0,0,0,0,1,0,0,0,0,0
147,147,2002-06-10,TUN,BEL,tie,31,23,JPN KOR,0,0,-1,-1,0,0,1,0,0,0,1,0,0,0,0,0
148,148,2002-06-11,DEN,FRA,Home,20,1,JPN KOR,0,0,0,0,1,0,0,0,0,0,1,0,0,0,0,0
149,149,2002-06-11,SEN,URU,tie,42,24,JPN KOR,0,0,-3,1,0,0,1,0,0,0,0,1,0,0,0,0
150,150,2002-06-11,KSA,IRL,Away,34,15,JPN KOR,0,0,4,0,0,0,0,1,0,0,1,0,0,0,0,0
151,151,2002-06-11,CMR,GER,Away,17,11,JPN KOR,0,0,1,1,0,0,1,0,0,0,1,0,0,0,0,0
152,152,2002-06-12,SWE,ARG,tie,19,3,JPN KOR,0,0,0,-2,1,0,0,0,0,0,0,1,0,0,0,0
153,153,2002-06-12,NGA,ENG,tie,27,12,JPN KOR,0,0,-1,2,0,0,1,0,0,0,1,0,0,0,0,0
154,154,2002-06-12,SVN,PAR,Away,25,18,JPN KOR,0,0,-3,3,1,0,0,0,0,0,0,1,0,0,0,0
155,155,2002-06-12,RSA,ESP,Away,37,8,JPN KOR,0,0,0,0,0,0,1,0,0,0,1,0,0,0,0,0
156,156,2002-06-13,CRC,BRA,Away,29,2,JPN KOR,0,0,0,-2,0,0,0,0,1,0,0,1,0,0,0,0
157,157,2002-06-13,TUR,CHN,Home,22,50,JPN KOR,0,0,1,3,1,0,0,0,0,0,0,0,0,1,0,0
158,158,2002-06-13,ECU,CRO,Home,36,21,JPN KOR,0,0,2,0,0,1,0,0,0,0,1,0,0,0,0,0
159,159,2002-06-13,MEX,ITA,tie,7,6,JPN KOR,0,0,0,0,0,0,0,0,1,0,1,0,0,0,0,0
160,160,2002-06-14,TUN,JPN,Away,31,32,JPN KOR,0,0,1,-1,0,0,1,0,0,0,0,0,0,1,0,0
161,161,2002-06-14,POR,KOR,Away,5,40,JPN KOR,0,0,1,0,1,0,0,0,0,0,0,0,0,1,0,0
162,162,2002-06-14,POL,USA,Home,38,13,JPN KOR,0,0,0,0,1,0,0,0,0,0,0,0,0,0,1,0
163,163,2002-06-14,BEL,RUS,Home,23,28,JPN KOR,0,0,-4,-1,1,0,0,0,0,0,1,0,0,0,0,0
164,164,2002-06-15,DEN,ENG,Away,20,12,JPN KOR,0,0,-1,0,1,0,0,0,0,0,1,0,0,0,0,0
165,165,2002-06-15,GER,PAR,Home,11,18,JPN KOR,0,0,-3,1,1,0,0,0,0,0,0,1,0,0,0,0
166,166,2002-06-16,ESP,IRL,tie,8,15,JPN KOR,0,0,4,0,1,0,0,0,0,0,1,0,0,0,0,0
167,167,2002-06-16,SWE,SEN,Away,19,42,JPN KOR,0,0,1,-2,1,0,0,0,0,0,0,0,1,0,0,0
168,168,2002-06-17,BRA,BEL,Home,2,23,JPN KOR,0,0,-1,0,0,1,0,0,0,0,1,0,0,0,0,0
169,169,2002-06-17,MEX,USA,Away,7,13,JPN KOR,0,0,0,0,0,0,0,0,1,0,0,0,0,0,1,0
170,170,2002-06-18,JPN,TUR,Away,32,22,JPN KOR,0,0,3,1,0,0,0,1,0,0,1,0,0,0,0,0
171,171,2002-06-18,KOR,ITA,Home,40,6,JPN KOR,0,0,0,1,0,0,0,1,0,0,1,0,0,0,0,0
172,172,2002-06-21,ENG,BRA,Away,12,2,JPN KOR,0,0,0,-1,1,0,0,0,0,0,0,1,0,0,0,0
173,173,2002-06-21,GER,USA,Home,11,13,JPN KOR,0,0,0,1,1,0,0,0,0,0,0,0,0,0,1,0
174,174,2002-06-22,SEN,TUR,Away,42,22,JPN KOR,0,0,3,1,0,0,1,0,0,0,1,0,0,0,0,0
175,175,2002-06-22,ESP,KOR,tie,8,40,JPN KOR,0,0,1,0,1,0,0,0,0,0,0,0,0,1,0,0
176,176,2002-06-25,GER,KOR,Home,11,40,JPN KOR,0,0,1,1,1,0,0,0,0,0,0,0,0,1,0,0
177,177,2002-06-26,BRA,TUR,Home,2,22,JPN KOR,0,0,3,0,0,1,0,0,0,0,1,0,0,0,0,0
178,178,2002-06-29,KOR,TUR,Away,40,22,JPN KOR,0,0,3,1,0,0,0,1,0,0,1,0,0,0,0,0
179,179,2002-06-30,GER,BRA,Away,11,2,JPN KOR,0,0,0,1,1,0,0,0,0,0,0,1,0,0,0,0
180,180,2006-06-09,GER,CRC,Home,19,26,GER,1,0,0,0,1,0,0,0,0,0,0,0,0,0,1,0
181,181,2006-06-09,POL,ECU,Away,29,39,GER,0,0,0,-1,1,0,0,0,0,0,0,1,0,0,0,0
182,182,2006-06-10,ENG,PAR,Home,10,33,GER,0,0,0,0,1,0,0,0,0,0,0,1,0,0,0,0
183,183,2006-06-10,TRI,SWE,tie,47,16,GER,0,0,0,0,0,0,0,0,1,0,1,0,0,0,0,0
184,184,2006-06-10,ARG,CIV,Home,9,32,GER,0,0,0,-1,0,1,0,0,0,0,0,0,1,0,0,0
185,185,2006-06-11,SCG,NED,Away,44,3,GER,0,0,0,2,1,0,0,0,0,0,1,0,0,0,0,0
186,186,2006-06-11,MEX,IRN,Home,4,23,GER,0,0,-1,2,0,0,0,0,1,0,0,0,0,1,0,0
187,187,2006-06-11,ANG,POR,Away,57,7,GER,0,0,1,1,0,0,1,0,0,0,1,0,0,0,0,0
188,188,2006-06-12,AUS,JPN,Home,42,18,GER,0,0,-1,2,0,0,0,1,0,0,0,0,0,1,0,0
189,189,2006-06-12,USA,CZE,Away,5,2,GER,0,0,0,-1,0,0,0,0,1,0,1,0,0,0,0,0
190,190,2006-06-12,ITA,GHA,Home,13,48,GER,0,0,2,1,1,0,0,0,0,0,0,0,1,0,0,0
191,191,2006-06-13,KOR,TOG,Home,29,61,GER,0,0,-2,1,0,0,0,1,0,0,0,0,1,0,0,0
192,192,2006-06-13,FRA,SUI,tie,8,35,GER,0,0,0,-1,1,0,0,0,0,0,1,0,0,0,0,0
193,193,2006-06-13,BRA,CRO,Home,1,23,GER,0,0,1,0,0,1,0,0,0,0,1,0,0,0,0,0
194,194,2006-06-14,ESP,UKR,Home,5,45,GER,0,0,-4,0,1,0,0,0,0,0,1,0,0,0,0,0
195,195,2006-06-14,TUN,KSA,tie,21,34,GER,0,0,0,0,0,0,1,0,0,0,0,0,0,1,0,0
196,196,2006-06-14,GER,POL,Home,19,29,GER,1,0,-1,0,1,0,0,0,0,0,1,0,0,0,0,0
197,197,2006-06-15,ECU,CRC,Home,39,26,GER,0,0,0,0,0,1,0,0,0,0,0,0,0,0,1,0
198,198,2006-06-15,ENG,TRI,Home,10,47,GER,0,0,0,0,1,0,0,0,0,0,0,0,0,0,1,0
199,199,2006-06-15,SWE,PAR,Home,16,33,GER,0,0,0,0,1,0,0,0,0,0,0,1,0,0,0,0
200,200,2006-06-16,ARG,SCG,Home,9,44,GER,0,0,2,-1,0,1,0,0,0,0,1,0,0,0,0,0
201,201,2006-06-16,NED,CIV,Home,3,32,GER,0,0,0,0,1,0,0,0,0,0,0,0,1,0,0,0
202,202,2006-06-16,MEX,ANG,tie,4,57,GER,0,0,1,2,0,0,0,0,1,0,0,0,1,0,0,0
203,203,2006-06-17,POR,IRN,Home,7,23,GER,0,0,-1,1,1,0,0,0,0,0,0,0,0,1,0,0
204,204,2006-06-17,CZE,GHA,Away,2,48,GER,0,0,2,0,1,0,0,0,0,0,0,0,1,0,0,0
205,205,2006-06-17,ITA,USA,tie,13,5,GER,0,0,-1,1,1,0,0,0,0,0,0,0,0,0,1,0
206,206,2006-06-18,JPN,CRO,tie,18,23,GER,0,0,1,-1,0,0,0,1,0,0,1,0,0,0,0,0
207,207,2006-06-18,BRA,AUS,Home,1,42,GER,0,0,2,0,0,1,0,0,0,0,0,0,0,1,0,0
208,208,2006-06-18,FRA,KOR,tie,8,29,GER,0,0,1,-1,1,0,0,0,0,0,0,0,0,1,0,0
209,209,2006-06-19,TOG,SUI,Away,61,35,GER,0,0,0,-2,0,0,1,0,0,0,1,0,0,0,0,0
210,210,2006-06-19,KSA,UKR,Away,34,45,GER,0,0,-4,0,0,0,0,1,0,0,1,0,0,0,0,0
211,211,2006-06-19,ESP,TUN,Home,5,21,GER,0,0,0,0,1,0,0,0,0,0,0,0,1,0,0,0
212,212,2006-06-20,ECU,GER,Away,39,19,GER,0,1,0,0,0,1,0,0,0,0,1,0,0,0,0,0
213,213,2006-06-20,CRC,POL,Away,26,29,GER,0,0,-1,0,0,0,0,0,1,0,1,0,0,0,0,0
214,214,2006-06-20,SWE,ENG,tie,16,10,GER,0,0,0,0,1,0,0,0,0,0,1,0,0,0,0,0
215,215,2006-06-20,PAR,TRI,Home,33,47,GER,0,0,0,0,0,1,0,0,0,0,0,0,0,0,1,0
216,216,2006-06-21,IRN,ANG,tie,23,57,GER,0,0,1,-1,0,0,0,1,0,0,0,0,1,0,0,0
217,217,2006-06-21,POR,MEX,Home,7,4,GER,0,0,2,1,1,0,0,0,0,0,0,0,0,0,1,0
218,218,2006-06-21,NED,ARG,tie,3,9,GER,0,0,-1,0,1,0,0,0,0,0,0,1,0,0,0,0
219,219,2006-06-21,CIV,SCG,Home,32,44,GER,0,0,2,0,0,0,1,0,0,0,1,0,0,0,0,0
220,220,2006-06-22,CZE,ITA,Away,2,13,GER,0,0,1,0,1,0,0,0,0,0,1,0,0,0,0,0
221,221,2006-06-22,GHA,USA,Home,48,5,GER,0,0,-1,2,0,0,1,0,0,0,0,0,0,0,1,0
222,222,2006-06-22,JPN,BRA,Away,18,1,GER,0,0,0,-1,0,0,0,1,0,0,0,1,0,0,0,0
223,223,2006-06-22,CRO,AUS,tie,23,42,GER,0,0,2,1,1,0,0,0,0,0,0,0,0,1,0,0
224,224,2006-06-23,UKR,TUN,Home,45,21,GER,0,0,0,-4,1,0,0,0,0,0,0,0,1,0,0,0
225,225,2006-06-23,KSA,ESP,Away,34,5,GER,0,0,0,0,0,0,0,1,0,0,1,0,0,0,0,0
226,226,2006-06-23,TOG,FRA,Away,61,8,GER,0,0,-1,-2,0,0,1,0,0,0,1,0,0,0,0,0
227,227,2006-06-23,SUI,KOR,Home,35,29,GER,0,0,1,0,1,0,0,0,0,0,0,0,0,1,0,0
228,228,2006-06-24,GER,SWE,Home,19,16,GER,1,0,0,0,1,0,0,0,0,0,1,0,0,0,0,0
229,229,2006-06-24,ARG,MEX,Home,9,4,GER,0,0,2,-1,0,1,0,0,0,0,0,0,0,0,1,0
230,230,2006-06-25,ENG,ECU,Home,10,39,GER,0,0,0,0,1,0,0,0,0,0,0,1,0,0,0,0
231,231,2006-06-25,POR,NED,Home,7,3,GER,0,0,0,1,1,0,0,0,0,0,1,0,0,0,0,0
232,232,2006-06-26,ITA,AUS,Home,13,42,GER,0,0,2,1,1,0,0,0,0,0,0,0,0,1,0,0
233,233,2006-06-26,SUI,UKR,tie,35,45,GER,0,0,-4,0,1,0,0,0,0,0,1,0,0,0,0,0
234,234,2006-06-27,BRA,GHA,Home,1,48,GER,0,0,2,0,0,1,0,0,0,0,0,0,1,0,0,0
235,235,2006-06-27,ESP,FRA,Away,5,8,GER,0,0,-1,0,1,0,0,0,0,0,1,0,0,0,0,0
236,236,2006-06-30,GER,ARG,tie,19,9,GER,1,0,-1,0,1,0,0,0,0,0,0,1,0,0,0,0
237,237,2006-06-30,ITA,UKR,Home,13,45,GER,0,0,-4,1,1,0,0,0,0,0,1,0,0,0,0,0
238,238,2006-07-01,ENG,POR,tie,10,7,GER,0,0,1,0,1,0,0,0,0,0,1,0,0,0,0,0
239,239,2006-07-01,BRA,FRA,Away,1,8,GER,0,0,-1,0,0,1,0,0,0,0,1,0,0,0,0,0
240,240,2006-07-04,GER,ITA,Away,19,13,GER,1,0,1,0,1,0,0,0,0,0,1,0,0,0,0,0
241,241,2006-07-05,POR,FRA,Away,7,8,GER,0,0,-1,1,1,0,0,0,0,0,1,0,0,0,0,0
242,242,2006-07-08,GER,POR,Home,19,7,GER,1,0,1,0,1,0,0,0,0,0,1,0,0,0,0,0
243,243,2006-07-09,ITA,FRA,tie,13,8,GER,0,0,-1,1,1,0,0,0,0,0,1,0,0,0,0,0
244,244,2010-06-11,RSA,MEX,tie,83,17,RSA,1,0,0,7,0,0,1,0,0,0,0,0,0,0,1,0
245,245,2010-06-11,URU,FRA,tie,16,9,RSA,0,0,1,2,0,1,0,0,0,0,1,0,0,0,0,0
246,246,2010-06-12,KOR,GRE,Home,47,13,RSA,0,0,-1,0,0,0,0,1,0,0,1,0,0,0,0,0
247,247,2010-06-12,ARG,NGA,Home,7,21,RSA,0,0,-1,0,0,1,0,0,0,0,0,0,1,0,0,0
248,248,2010-06-12,ENG,USA,tie,8,14,RSA,0,0,0,0,1,0,0,0,0,0,0,0,0,0,1,0
249,249,2010-06-13,ALG,SVN,Away,30,25,RSA,0,0,-2,1,0,0,1,0,0,0,1,0,0,0,0,0
250,250,2010-06-13,SRB,GHA,Away,15,32,RSA,0,0,0,1,1,0,0,0,0,0,0,0,1,0,0,0
251,251,2010-06-13,GER,AUS,Home,6,20,RSA,0,0,0,0,1,0,0,0,0,0,0,0,0,1,0,0
252,252,2010-06-14,NED,DEN,Home,4,36,RSA,0,0,-1,0,1,0,0,0,0,0,1,0,0,0,0,0
253,253,2010-06-14,JPN,CMR,Home,45,19,RSA,0,0,0,0,0,0,0,1,0,0,0,0,1,0,0,0
254,254,2010-06-14,ITA,PAR,tie,5,31,RSA,0,0,-1,0,1,0,0,0,0,0,0,1,0,0,0,0
255,255,2010-06-15,NZL,SVK,tie,78,34,RSA,0,0,4,0,0,0,0,0,0,1,1,0,0,0,0,0
256,256,2010-06-15,CIV,POR,tie,27,3,RSA,0,0,0,0,0,0,1,0,0,0,1,0,0,0,0,0
257,257,2010-06-15,BRA,PRK,Home,1,105,RSA,0,0,1,0,0,1,0,0,0,0,0,0,0,1,0,0
258,258,2010-06-16,HON,CHI,Away,38,18,RSA,0,0,-3,2,0,0,0,0,1,0,0,1,0,0,0,0
259,259,2010-06-16,ESP,SUI,Away,2,24,RSA,0,0,2,0,1,0,0,0,0,0,1,0,0,0,0,0
260,260,2010-06-16,RSA,URU,Away,83,16,RSA,1,0,2,7,0,0,1,0,0,0,0,1,0,0,0,0
261,261,2010-06-17,ARG,KOR,Home,7,47,RSA,0,0,0,0,0,1,0,0,0,0,0,0,0,1,0,0
262,262,2010-06-17,GRE,NGA,Home,13,21,RSA,0,0,-1,-1,1,0,0,0,0,0,0,0,1,0,0,0
263,263,2010-06-17,FRA,MEX,Away,9,17,RSA,0,0,0,1,1,0,0,0,0,0,0,0,0,0,1,0
264,264,2010-06-18,GER,SRB,Away,6,15,RSA,0,0,1,0,1,0,0,0,0,0,1,0,0,0,0,0
265,265,2010-06-18,SVN,USA,tie,25,14,RSA,0,0,0,-2,1,0,0,0,0,0,0,0,0,0,1,0
266,266,2010-06-18,ENG,ALG,tie,8,30,RSA,0,0,1,0,1,0,0,0,0,0,0,0,1,0,0,0
267,267,2010-06-19,NED,JPN,Home,4,45,RSA,0,0,0,0,1,0,0,0,0,0,0,0,0,1,0,0
268,268,2010-06-19,GHA,AUS,tie,32,20,RSA,0,0,0,0,0,0,1,0,0,0,0,0,0,1,0,0
269,269,2010-06-19,CMR,DEN,Away,19,36,RSA,0,0,-1,0,0,0,1,0,0,0,1,0,0,0,0,0
270,270,2010-06-20,SVK,PAR,Away,34,31,RSA,0,0,-1,4,1,0,0,0,0,0,0,1,0,0,0,0
271,271,2010-06-20,ITA,NZL,tie,5,78,RSA,0,0,0,0,1,0,0,0,0,0,0,0,0,0,0,1
272,272,2010-06-20,BRA,CIV,Home,1,27,RSA,0,0,0,0,0,1,0,0,0,0,0,0,1,0,0,0
273,273,2010-06-21,POR,PRK,Home,3,105,RSA,0,0,1,0,1,0,0,0,0,0,0,0,0,1,0,0
274,274,2010-06-21,CHI,SUI,Home,18,24,RSA,0,0,2,-3,0,1,0,0,0,0,1,0,0,0,0,0
275,275,2010-06-21,ESP,HON,Home,2,38,RSA,0,0,2,0,1,0,0,0,0,0,0,0,0,0,1,0
276,276,2010-06-22,MEX,URU,Away,17,16,RSA,0,0,2,0,0,0,0,0,1,0,0,1,0,0,0,0
277,277,2010-06-22,FRA,RSA,Away,9,83,RSA,0,1,7,1,1,0,0,0,0,0,0,0,1,0,0,0
278,278,2010-06-22,NGA,KOR,tie,21,47,RSA,0,0,0,-1,0,0,1,0,0,0,0,0,0,1,0,0
279,279,2010-06-22,GRE,ARG,Away,13,7,RSA,0,0,0,-1,1,0,0,0,0,0,0,1,0,0,0,0
280,280,2010-06-23,SVN,ENG,Away,25,8,RSA,0,0,0,-2,1,0,0,0,0,0,1,0,0,0,0,0
281,281,2010-06-23,USA,ALG,Home,14,30,RSA,0,0,1,0,0,0,0,0,1,0,0,0,1,0,0,0
282,282,2010-06-23,GHA,GER,Away,32,6,RSA,0,0,0,0,0,0,1,0,0,0,1,0,0,0,0,0
283,283,2010-06-23,AUS,SRB,Home,20,15,RSA,0,0,1,0,0,0,0,1,0,0,1,0,0,0,0,0
284,284,2010-06-24,SVK,ITA,Home,34,5,RSA,0,0,0,4,1,0,0,0,0,0,1,0,0,0,0,0
285,285,2010-06-24,PAR,NZL,tie,31,78,RSA,0,0,0,-1,0,1,0,0,0,0,0,0,0,0,0,1
286,286,2010-06-24,DEN,JPN,Away,36,45,RSA,0,0,0,-1,1,0,0,0,0,0,0,0,0,1,0,0
287,287,2010-06-24,CMR,NED,Away,19,4,RSA,0,0,0,0,0,0,1,0,0,0,1,0,0,0,0,0
288,288,2010-06-25,POR,BRA,tie,3,1,RSA,0,0,0,0,1,0,0,0,0,0,0,1,0,0,0,0
289,289,2010-06-25,PRK,CIV,Away,105,27,RSA,0,0,0,1,0,0,0,1,0,0,0,0,1,0,0,0
290,290,2010-06-25,CHI,ESP,Away,18,2,RSA,0,0,0,-3,0,1,0,0,0,0,1,0,0,0,0,0
291,291,2010-06-25,SUI,HON,tie,24,38,RSA,0,0,2,2,1,0,0,0,0,0,0,0,0,0,1,0
292,292,2010-06-26,URU,KOR,Home,16,47,RSA,0,0,0,2,0,1,0,0,0,0,0,0,0,1,0,0
293,293,2010-06-26,USA,GHA,Away,14,32,RSA,0,0,0,0,0,0,0,0,1,0,0,0,1,0,0,0
294,294,2010-06-27,GER,ENG,Home,6,8,RSA,0,0,0,0,1,0,0,0,0,0,1,0,0,0,0,0
295,295,2010-06-27,ARG,MEX,Home,7,17,RSA,0,0,0,0,0,1,0,0,0,0,0,0,0,0,1,0
296,296,2010-06-28,NED,SVK,Home,4,34,RSA,0,0,4,0,1,0,0,0,0,0,1,0,0,0,0,0
297,297,2010-06-28,BRA,CHI,Home,1,18,RSA,0,0,-3,0,0,1,0,0,0,0,0,1,0,0,0,0
298,298,2010-06-29,PAR,JPN,tie,31,45,RSA,0,0,0,-1,0,1,0,0,0,0,0,0,0,1,0,0
299,299,2010-06-29,ESP,POR,Home,2,3,RSA,0,0,0,0,1,0,0,0,0,0,1,0,0,0,0,0
300,300,2010-07-02,NED,BRA,Home,4,1,RSA,0,0,0,0,1,0,0,0,0,0,0,1,0,0,0,0
301,301,2010-07-02,URU,GHA,tie,16,32,RSA,0,0,0,2,0,1,0,0,0,0,0,0,1,0,0,0
302,302,2010-07-03,ARG,GER,Away,7,6,RSA,0,0,0,0,0,1,0,0,0,0,1,0,0,0,0,0
303,303,2010-07-03,PAR,ESP,Away,31,2,RSA,0,0,0,-1,0,1,0,0,0,0,1,0,0,0,0,0
304,304,2010-07-06,URU,NED,Away,16,4,RSA,0,0,0,2,0,1,0,0,0,0,1,0,0,0,0,0
305,305,2010-07-07,GER,ESP,Away,6,2,RSA,0,0,0,0,1,0,0,0,0,0,1,0,0,0,0,0
306,306,2010-07-10,URU,GER,Away,16,6,RSA,0,0,0,2,0,1,0,0,0,0,1,0,0,0,0,0
307,307,2010-07-11,NED,ESP,Away,4,2,RSA,0,0,0,0,1,0,0,0,0,0,1,0,0,0,0,0
308,308,2014-06-12,BRA,CRO,Home,3,18,BRA,1,0,0,2,0,1,0,0,0,0,1,0,0,0,0,0
309,309,2014-06-13,MEX,CMR,Home,20,56,BRA,0,0,0,0,0,0,0,0,1,0,0,0,1,0,0,0
310,310,2014-06-13,ESP,NED,Away,1,15,BRA,0,0,0,0,1,0,0,0,0,0,1,0,0,0,0,0
311,311,2014-06-13,CHI,AUS,Home,14,62,BRA,0,0,0,1,0,1,0,0,0,0,0,0,0,1,0,0
312,312,2014-06-14,COL,GRE,Home,8,12,BRA,0,0,0,-1,0,1,0,0,0,0,1,0,0,0,0,0
313,313,2014-06-14,URU,CRC,Away,7,28,BRA,0,0,0,-1,0,1,0,0,0,0,0,0,0,0,1,0
314,314,2014-06-14,ENG,ITA,Away,10,9,BRA,0,0,0,0,1,0,0,0,0,0,1,0,0,0,0,0
315,315,2014-06-14,CIV,JPN,Home,23,46,BRA,0,0,0,0,0,0,1,0,0,0,0,0,0,1,0,0
316,316,2014-06-15,SUI,ECU,Home,6,26,BRA,0,0,0,0,1,0,0,0,0,0,0,1,0,0,0,0
317,317,2014-06-15,FRA,HON,Home,17,33,BRA,0,0,2,0,1,0,0,0,0,0,0,0,0,0,1,0
318,318,2014-06-15,ARG,BIH,Home,5,21,BRA,0,0,0,-1,0,1,0,0,0,0,1,0,0,0,0,0
319,319,2014-06-16,GER,POR,Home,2,4,BRA,0,0,0,0,1,0,0,0,0,0,1,0,0,0,0,0
320,320,2014-06-16,IRN,NGA,tie,43,44,BRA,0,0,1,0,0,0,0,1,0,0,0,0,1,0,0,0
321,321,2014-06-16,GHA,USA,Away,37,13,BRA,0,0,-1,0,0,0,1,0,0,0,0,0,0,0,1,0
322,322,2014-06-17,BEL,ALG,Home,11,22,BRA,0,0,0,0,1,0,0,0,0,0,0,0,1,0,0,0
323,323,2014-06-17,BRA,MEX,tie,3,20,BRA,1,0,0,2,0,1,0,0,0,0,0,0,0,0,1,0
324,324,2014-06-17,RUS,KOR,tie,19,57,BRA,0,0,1,0,1,0,0,0,0,0,0,0,0,1,0,0
325,325,2014-06-18,AUS,NED,Away,62,15,BRA,0,0,0,0,0,0,0,1,0,0,1,0,0,0,0,0
326,326,2014-06-18,ESP,CHI,Away,1,14,BRA,0,0,1,0,1,0,0,0,0,0,0,1,0,0,0,0
327,327,2014-06-18,CMR,CRO,Away,56,18,BRA,0,0,0,0,0,0,1,0,0,0,1,0,0,0,0,0
328,328,2014-06-19,COL,CIV,Home,8,23,BRA,0,0,0,-1,0,1,0,0,0,0,0,0,1,0,0,0
329,329,2014-06-19,URU,ENG,Home,7,10,BRA,0,0,0,-1,0,1,0,0,0,0,1,0,0,0,0,0
330,330,2014-06-19,JPN,GRE,tie,46,12,BRA,0,0,0,0,0,0,0,1,0,0,1,0,0,0,0,0
331,331,2014-06-20,ITA,CRC,Away,9,28,BRA,0,0,0,0,1,0,0,0,0,0,0,0,0,0,1,0
332,332,2014-06-20,SUI,FRA,Away,6,17,BRA,0,0,0,0,1,0,0,0,0,0,1,0,0,0,0,0
333,333,2014-06-20,HON,ECU,Away,33,26,BRA,0,0,0,2,0,0,0,0,1,0,0,1,0,0,0,0
334,334,2014-06-21,ARG,IRN,Home,5,43,BRA,0,0,0,-1,0,1,0,0,0,0,0,0,0,1,0,0
335,335,2014-06-21,GER,GHA,tie,2,37,BRA,0,0,0,0,1,0,0,0,0,0,0,0,1,0,0,0
336,336,2014-06-21,NGA,BIH,Home,44,21,BRA,0,0,0,1,0,0,1,0,0,0,1,0,0,0,0,0
337,337,2014-06-22,BEL,RUS,Home,11,19,BRA,0,0,0,0,1,0,0,0,0,0,1,0,0,0,0,0
338,338,2014-06-22,KOR,ALG,Away,57,22,BRA,0,0,0,1,0,0,0,1,0,0,0,0,1,0,0,0
339,339,2014-06-22,USA,POR,tie,13,4,BRA,0,0,0,-1,0,0,0,0,1,0,1,0,0,0,0,0
340,340,2014-06-23,AUS,ESP,Away,62,1,BRA,0,0,0,0,0,0,0,1,0,0,1,0,0,0,0,0
341,341,2014-06-23,NED,CHI,Home,15,14,BRA,0,0,1,0,1,0,0,0,0,0,0,1,0,0,0,0
342,342,2014-06-23,CMR,BRA,Away,56,3,BRA,0,1,2,0,0,0,1,0,0,0,0,1,0,0,0,0
343,343,2014-06-23,CRO,MEX,Away,18,20,BRA,0,0,0,0,1,0,0,0,0,0,0,0,0,0,1,0
344,344,2014-06-24,ITA,URU,Away,9,7,BRA,0,0,-1,0,1,0,0,0,0,0,0,1,0,0,0,0
345,345,2014-06-24,CRC,ENG,tie,28,10,BRA,0,0,0,0,0,0,0,0,1,0,1,0,0,0,0,0
346,346,2014-06-24,JPN,COL,Away,46,8,BRA,0,0,-1,0,0,0,0,1,0,0,0,1,0,0,0,0
347,347,2014-06-24,GRE,CIV,Home,12,23,BRA,0,0,0,0,1,0,0,0,0,0,0,0,1,0,0,0
348,348,2014-06-25,NGA,ARG,Away,44,5,BRA,0,0,-1,1,0,0,1,0,0,0,0,1,0,0,0,0
349,349,2014-06-25,BIH,IRN,Home,21,43,BRA,0,0,0,0,1,0,0,0,0,0,0,0,0,1,0,0
350,350,2014-06-25,HON,SUI,Away,33,6,BRA,0,0,0,2,0,0,0,0,1,0,1,0,0,0,0,0
351,351,2014-06-25,ECU,FRA,tie,26,17,BRA,0,0,0,0,0,1,0,0,0,0,1,0,0,0,0,0
352,352,2014-06-26,USA,GER,Away,13,2,BRA,0,0,0,-1,0,0,0,0,1,0,1,0,0,0,0,0
353,353,2014-06-26,POR,GHA,Home,4,37,BRA,0,0,0,0,1,0,0,0,0,0,0,0,1,0,0,0
354,354,2014-06-26,KOR,BEL,Away,57,11,BRA,0,0,0,1,0,0,0,1,0,0,1,0,0,0,0,0
355,355,2014-06-26,ALG,RUS,tie,22,19,BRA,0,0,0,0,0,0,1,0,0,0,1,0,0,0,0,0
356,356,2014-06-28,BRA,CHI,tie,3,14,BRA,1,0,1,2,0,1,0,0,0,0,0,1,0,0,0,0
357,357,2014-06-28,COL,URU,Home,8,7,BRA,0,0,-1,-1,0,1,0,0,0,0,0,1,0,0,0,0
358,358,2014-06-30,FRA,NGA,Home,17,44,BRA,0,0,1,0,1,0,0,0,0,0,0,0,1,0,0,0
359,359,2014-06-30,GER,ALG,Home,2,22,BRA,0,0,0,0,1,0,0,0,0,0,0,0,1,0,0,0
360,360,2014-07-04,BRA,COL,Home,3,8,BRA,1,0,-1,2,0,1,0,0,0,0,0,1,0,0,0,0
361,361,2014-07-04,FRA,GER,Away,17,2,BRA,0,0,0,0,1,0,0,0,0,0,1,0,0,0,0,0
362,362,2014-07-08,BRA,GER,Away,3,2,BRA,1,0,0,2,0,1,0,0,0,0,1,0,0,0,0,0
363,363,2014-07-12,BRA,NED,Away,3,15,BRA,1,0,0,2,0,1,0,0,0,0,1,0,0,0,0,0
364,364,2014-07-13,GER,ARG,Home,2,5,BRA,0,0,-1,0,1,0,0,0,0,0,0,1,0,0,0,0
365,365,2014-07-09,NED,ARG,tie,15,5,BRA,0,0,-1,0,1,0,0,0,0,0,0,1,0,0,0,0
366,366,2014-07-05,NED,CRC,tie,15,28,BRA,0,0,0,0,1,0,0,0,0,0,0,0,0,0,1,0
367,367,2014-07-05,ARG,BEL,Home,5,11,BRA,0,0,0,-1,0,1,0,0,0,0,1,0,0,0,0,0
368,368,2014-06-29,NED,MEX,Home,15,20,BRA,0,0,0,0,1,0,0,0,0,0,0,0,0,0,1,0
369,369,2014-06-29,CRC,GRE,tie,28,12,BRA,0,0,0,0,0,0,0,0,1,0,1,0,0,0,0,0
370,370,2014-07-01,ARG,SUI,Home,5,6,BRA,0,0,0,-1,0,1,0,0,0,0,1,0,0,0,0,0
371,371,2014-07-01,BEL,USA,Home,11,13,BRA,0,0,-1,0,1,0,0,0,0,0,0,0,0,0,1,0
372,372,2014-06-28,BRA,CHI,tie,3,14,BRA,1,0,1,2,0,1,0,0,0,0,0,1,0,0,0,0
373,373,2014-06-28,COL,URU,Home,8,7,BRA,0,0,-1,-1,0,1,0,0,0,0,0,1,0,0,0,0
374,374,2014-06-29,NED,MEX,Home,15,20,BRA,0,0,0,0,1,0,0,0,0,0,0,0,0,0,1,0
375,375,2014-06-29,CRC,GRE,tie,28,12,BRA,0,0,0,0,0,0,0,0,1,0,1,0,0,0,0,0
376,376,2014-06-30,FRA,NGA,Home,17,44,BRA,0,0,1,0,1,0,0,0,0,0,0,0,1,0,0,0
377,377,2014-06-30,GER,ALG,Home,2,22,BRA,0,0,0,0,1,0,0,0,0,0,0,0,1,0,0,0
378,378,2014-07-01,ARG,SUI,Home,5,6,BRA,0,0,0,-1,0,1,0,0,0,0,1,0,0,0,0,0
379,379,2014-07-01,BEL,USA,Home,11,13,BRA,0,0,-1,0,1,0,0,0,0,0,0,0,0,0,1,0
380,380,2014-07-04,FRA,GER,Away,17,2,BRA,0,0,0,0,1,0,0,0,0,0,1,0,0,0,0,0
381,381,2014-07-04,BRA,COL,Home,3,8,BRA,1,0,-1,2,0,1,0,0,0,0,0,1,0,0,0,0
382,382,2014-07-05,ARG,BEL,Home,5,11,BRA,0,0,0,-1,0,1,0,0,0,0,1,0,0,0,0,0
383,383,2014-07-05,NED,CRC,tie,15,28,BRA,0,0,0,0,1,0,0,0,0,0,0,0,0,0,1,0
384,384,2014-07-08,BRA,GER,Away,3,2,BRA,1,0,0,2,0,1,0,0,0,0,1,0,0,0,0,0
385,385,2014-07-09,NED,ARG,tie,15,5,BRA,0,0,-1,0,1,0,0,0,0,0,0,1,0,0,0,0
386,386,2014-07-12,BRA,NED,Away,3,15,BRA,1,0,0,2,0,1,0,0,0,0,1,0,0,0,0,0
387,387,2014-07-13,GER,ARG,Home,2,5,BRA,0,0,-1,0,1,0,0,0,0,0,0,1,0,0,0,0
